transaction_id,account_id,amount,currency,transaction_time,beneficiary_id,beneficiary_age_days,direction
TX0001,A100,51598,INR,2026-09-01T09:01:00,B009,180,debit
TX0002,A100,12144,INR,2026-09-02T23:14:00,B004,180,debit
TX0003,A100,41698,INR,2026-09-04T16:05:00,B014,180,debit
TX0004,A100,9140,INR,2026-09-05T20:01:00,B007,180,debit
TX0005,A100,42453,INR,2026-09-07T11:32:00,B001,180,debit
TX0006,A100,49925,INR,2026-09-09T04:12:00,B018,180,debit
TX0007,A100,32439,INR,2026-09-10T14:14:00,B019,180,debit
TX0008,A100,3425,INR,2026-09-12T00:51:00,B006,180,debit
TX0009,A100,21210,INR,2026-09-13T14:21:00,B005,180,debit
TX0010,A100,25059,INR,2026-09-14T23:48:00,B004,180,debit
TX0011,A100,9338,INR,2026-09-16T09:24:00,B012,180,debit
TX0012,A100,20335,INR,2026-09-18T01:38:00,B002,180,debit
TX0013,A100,11180,INR,2026-09-19T15:34:00,B013,180,debit
TX0014,A100,22213,INR,2026-09-20T21:35:00,B012,180,debit
TX0015,A100,7558,INR,2026-09-22T11:45:00,B002,180,debit
TX0016,A100,21965,INR,2026-09-23T23:49:00,B003,180,debit
TX0017,A100,9619,INR,2026-09-25T11:55:00,B013,180,debit
TX0018,A100,44660,INR,2026-09-27T00:29:00,B012,180,debit
TX0019,A101,14641,INR,2026-09-01T10:23:00,B007,180,debit
TX0020,A101,25398,INR,2026-09-03T00:44:00,B003,180,debit
TX0021,A101,26892,INR,2026-09-04T10:34:00,B008,180,debit
TX0022,A101,15433,INR,2026-09-05T22:29:00,B009,180,debit
TX0023,A101,25433,INR,2026-09-07T16:14:00,B011,180,debit
TX0024,A101,4051,INR,2026-09-08T20:14:00,B011,180,debit
TX0025,A101,5168,INR,2026-09-10T14:17:00,B007,180,debit
TX0026,A101,24477,INR,2026-09-12T01:13:00,B016,180,debit
TX0027,A101,24064,INR,2026-09-13T14:56:00,B015,180,debit
TX0028,A101,7575,INR,2026-09-14T22:16:00,B008,180,debit
TX0029,A101,11609,INR,2026-09-16T16:34:00,B019,180,debit
TX0030,A101,22121,INR,2026-09-18T02:57:00,B013,180,debit
TX0031,A101,7532,INR,2026-09-19T13:14:00,B017,180,debit
TX0032,A101,27765,INR,2026-09-21T03:05:00,B002,180,debit
TX0033,A101,23560,INR,2026-09-22T09:09:00,B006,180,debit
TX0034,A101,5081,INR,2026-09-24T02:38:00,B013,180,debit
TX0035,A101,18337,INR,2026-09-25T14:38:00,B017,180,debit
TX0036,A101,3376,INR,2026-09-27T00:35:00,B004,180,debit
TX0037,A102,20486,INR,2026-09-01T16:48:00,B011,180,debit
TX0038,A102,31492,INR,2026-09-02T21:18:00,B006,180,debit
TX0039,A102,65509,INR,2026-09-04T15:00:00,B009,180,debit
TX0040,A102,14708,INR,2026-09-06T04:48:00,B017,180,debit
TX0041,A102,43979,INR,2026-09-07T09:55:00,B010,180,debit
TX0042,A102,16035,INR,2026-09-09T04:38:00,B005,180,debit
TX0043,A102,13587,INR,2026-09-10T13:48:00,B018,180,debit
TX0044,A102,3037,INR,2026-09-12T04:58:00,B011,180,debit
TX0045,A102,10331,INR,2026-09-13T15:01:00,B012,180,debit
TX0046,A102,6796,INR,2026-09-15T00:15:00,B008,180,debit
TX0047,A102,50966,INR,2026-09-16T09:05:00,B016,180,debit
TX0048,A102,37911,INR,2026-09-17T21:48:00,B005,180,debit
TX0049,A102,34148,INR,2026-09-19T10:42:00,B018,180,debit
TX0050,A102,37581,INR,2026-09-20T22:16:00,B014,180,debit
TX0051,A102,38343,INR,2026-09-22T11:59:00,B007,180,debit
TX0052,A102,47019,INR,2026-09-24T00:25:00,B012,180,debit
TX0053,A102,36919,INR,2026-09-25T15:57:00,B015,180,debit
TX0054,A102,17725,INR,2026-09-26T21:15:00,B003,180,debit
TX0055,A103,41555,INR,2026-09-01T13:01:00,B018,180,debit
TX0056,A103,17432,INR,2026-09-02T23:37:00,B001,180,debit
TX0057,A103,6858,INR,2026-09-04T09:45:00,B008,180,debit
TX0058,A103,5058,INR,2026-09-05T21:57:00,B011,180,debit
TX0059,A103,18597,INR,2026-09-07T09:32:00,B009,180,debit
TX0060,A103,38339,INR,2026-09-09T03:13:00,B005,180,debit
TX0061,A103,33996,INR,2026-09-10T15:15:00,B014,180,debit
TX0062,A103,9352,INR,2026-09-11T23:06:00,B014,180,debit
TX0063,A103,29941,INR,2026-09-13T13:27:00,B015,180,debit
TX0064,A103,9449,INR,2026-09-14T20:43:00,B002,180,debit
TX0065,A103,25236,INR,2026-09-16T14:46:00,B004,180,debit
TX0066,A103,15465,INR,2026-09-17T23:12:00,B018,180,debit
TX0067,A103,30648,INR,2026-09-19T15:08:00,B006,180,debit
TX0068,A103,19371,INR,2026-09-21T00:29:00,B003,180,debit
TX0069,A103,39066,INR,2026-09-22T15:51:00,B004,180,debit
TX0070,A103,38427,INR,2026-09-23T20:41:00,B001,180,debit
TX0071,A103,18491,INR,2026-09-25T09:59:00,B006,180,debit
TX0072,A103,34546,INR,2026-09-27T02:31:00,B007,180,debit
TX0073,A104,4921,INR,2026-09-01T14:57:00,B006,180,debit
TX0074,A104,15793,INR,2026-09-03T02:00:00,B009,180,debit
TX0075,A104,16861,INR,2026-09-04T15:18:00,B018,180,debit
TX0076,A104,9222,INR,2026-09-06T03:09:00,B010,180,debit
TX0077,A104,21978,INR,2026-09-07T11:03:00,B018,180,debit
TX0078,A104,13276,INR,2026-09-08T20:47:00,B002,180,debit
TX0079,A104,18623,INR,2026-09-10T08:37:00,B017,180,debit
TX0080,A104,4863,INR,2026-09-12T04:10:00,B017,180,debit
TX0081,A104,9089,INR,2026-09-13T09:54:00,B003,180,debit
TX0082,A104,31240,INR,2026-09-14T21:43:00,B008,180,debit
TX0083,A104,21667,INR,2026-09-16T14:07:00,B008,180,debit
TX0084,A104,5686,INR,2026-09-17T20:39:00,B014,180,debit
TX0085,A104,11544,INR,2026-09-19T16:20:00,B007,180,debit
TX0086,A104,11703,INR,2026-09-21T01:15:00,B013,180,debit
TX0087,A104,24151,INR,2026-09-22T10:42:00,B010,180,debit
TX0088,A104,27637,INR,2026-09-24T03:20:00,B003,180,debit
TX0089,A104,23354,INR,2026-09-25T08:29:00,B019,180,debit
TX0090,A104,20617,INR,2026-09-26T21:04:00,B007,180,debit
TX0091,A105,5170,INR,2026-09-01T16:16:00,B012,180,debit
TX0092,A105,7002,INR,2026-09-02T21:56:00,B012,180,debit
TX0093,A105,10179,INR,2026-09-04T12:10:00,B018,180,debit
TX0094,A105,19119,INR,2026-09-06T00:39:00,B017,180,debit
TX0095,A105,16387,INR,2026-09-07T08:42:00,B018,180,debit
TX0096,A105,13868,INR,2026-09-09T00:59:00,B004,180,debit
TX0097,A105,4891,INR,2026-09-10T10:16:00,B004,180,debit
TX0098,A105,7462,INR,2026-09-12T04:09:00,B010,180,debit
TX0099,A105,8617,INR,2026-09-13T11:45:00,B007,180,debit
TX0100,A105,11004,INR,2026-09-15T00:32:00,B009,180,debit
TX0101,A105,13392,INR,2026-09-16T08:05:00,B014,180,debit
TX0102,A105,3058,INR,2026-09-18T00:02:00,B011,180,debit
TX0103,A105,19053,INR,2026-09-19T10:40:00,B009,180,debit
TX0104,A105,10239,INR,2026-09-20T22:47:00,B018,180,debit
TX0105,A105,3158,INR,2026-09-22T14:35:00,B004,180,debit
TX0106,A105,14321,INR,2026-09-23T21:56:00,B005,180,debit
TX0107,A105,16674,INR,2026-09-25T16:02:00,B012,180,debit
TX0108,A105,10041,INR,2026-09-27T04:09:00,B005,180,debit
TX0109,A106,50795,INR,2026-09-01T08:19:00,B002,180,debit
TX0110,A106,35706,INR,2026-09-03T01:13:00,B004,180,debit
TX0111,A106,56264,INR,2026-09-04T13:49:00,B005,180,debit
TX0112,A106,24299,INR,2026-09-05T23:55:00,B006,180,debit
TX0113,A106,26509,INR,2026-09-07T14:01:00,B011,180,debit
TX0114,A106,35527,INR,2026-09-09T02:51:00,B009,180,debit
TX0115,A106,17168,INR,2026-09-10T10:50:00,B013,180,debit
TX0116,A106,64694,INR,2026-09-11T20:54:00,B008,180,debit
TX0117,A106,63332,INR,2026-09-13T11:52:00,B012,180,debit
TX0118,A106,32831,INR,2026-09-15T00:52:00,B008,180,debit
TX0119,A106,28313,INR,2026-09-16T08:42:00,B013,180,debit
TX0120,A106,12099,INR,2026-09-18T01:17:00,B009,180,debit
TX0121,A106,69768,INR,2026-09-19T13:41:00,B013,180,debit
TX0122,A106,6617,INR,2026-09-21T04:21:00,B004,180,debit
TX0123,A106,37795,INR,2026-09-22T12:11:00,B002,180,debit
TX0124,A106,59959,INR,2026-09-23T21:38:00,B012,180,debit
TX0125,A106,70033,INR,2026-09-25T13:27:00,B004,180,debit
TX0126,A106,27914,INR,2026-09-27T02:57:00,B009,180,debit
TX0127,A107,31577,INR,2026-09-01T08:45:00,B001,180,debit
TX0128,A107,55855,INR,2026-09-03T04:59:00,B018,180,debit
TX0129,A107,31265,INR,2026-09-04T11:23:00,B003,180,debit
TX0130,A107,23572,INR,2026-09-06T01:39:00,B004,180,debit
TX0131,A107,23269,INR,2026-09-07T12:32:00,B014,180,debit
TX0132,A107,48692,INR,2026-09-09T01:25:00,B010,180,debit
TX0133,A107,15572,INR,2026-09-10T16:08:00,B014,180,debit
TX0134,A107,52029,INR,2026-09-12T02:43:00,B006,180,debit
TX0135,A107,38909,INR,2026-09-13T12:25:00,B001,180,debit
TX0136,A107,16774,INR,2026-09-15T00:18:00,B014,180,debit
TX0137,A107,31952,INR,2026-09-16T13:29:00,B015,180,debit
TX0138,A107,34010,INR,2026-09-17T23:32:00,B006,180,debit
TX0139,A107,36780,INR,2026-09-19T09:18:00,B011,180,debit
TX0140,A107,52226,INR,2026-09-20T21:52:00,B008,180,debit
TX0141,A107,55858,INR,2026-09-22T12:14:00,B007,180,debit
TX0142,A107,6028,INR,2026-09-23T22:01:00,B008,180,debit
TX0143,A107,58688,INR,2026-09-25T15:39:00,B003,180,debit
TX0144,A107,44272,INR,2026-09-27T03:26:00,B019,180,debit
TX0145,A108,15582,INR,2026-09-01T11:45:00,B016,180,debit
TX0146,A108,7835,INR,2026-09-03T02:15:00,B001,180,debit
TX0147,A108,16931,INR,2026-09-04T09:49:00,B008,180,debit
TX0148,A108,19972,INR,2026-09-05T22:51:00,B015,180,debit
TX0149,A108,11165,INR,2026-09-07T08:35:00,B004,180,debit
TX0150,A108,18225,INR,2026-09-09T03:08:00,B017,180,debit
TX0151,A108,13397,INR,2026-09-10T16:38:00,B015,180,debit
TX0152,A108,20952,INR,2026-09-12T04:27:00,B015,180,debit
TX0153,A108,18554,INR,2026-09-13T10:47:00,B015,180,debit
TX0154,A108,11101,INR,2026-09-15T00:48:00,B009,180,debit
TX0155,A108,23537,INR,2026-09-16T16:31:00,B008,180,debit
TX0156,A108,5538,INR,2026-09-18T00:28:00,B010,180,debit
TX0157,A108,14005,INR,2026-09-19T11:17:00,B011,180,debit
TX0158,A108,7534,INR,2026-09-21T04:05:00,B005,180,debit
TX0159,A108,8007,INR,2026-09-22T11:24:00,B007,180,debit
TX0160,A108,16356,INR,2026-09-23T21:26:00,B011,180,debit
TX0161,A108,16624,INR,2026-09-25T16:29:00,B002,180,debit
TX0162,A108,16767,INR,2026-09-26T23:53:00,B013,180,debit
TX0163,A109,31857,INR,2026-09-01T08:54:00,B019,180,debit
TX0164,A109,3193,INR,2026-09-03T02:30:00,B012,180,debit
TX0165,A109,15779,INR,2026-09-04T12:48:00,B014,180,debit
TX0166,A109,27072,INR,2026-09-06T04:47:00,B018,180,debit
TX0167,A109,10190,INR,2026-09-07T11:31:00,B009,180,debit
TX0168,A109,3951,INR,2026-09-09T02:31:00,B013,180,debit
TX0169,A109,25254,INR,2026-09-10T13:42:00,B013,180,debit
TX0170,A109,18315,INR,2026-09-11T22:53:00,B005,180,debit
TX0171,A109,32718,INR,2026-09-13T16:01:00,B013,180,debit
TX0172,A109,24061,INR,2026-09-14T20:05:00,B014,180,debit
TX0173,A109,18128,INR,2026-09-16T10:55:00,B006,180,debit
TX0174,A109,15422,INR,2026-09-17T20:16:00,B011,180,debit
TX0175,A109,13710,INR,2026-09-19T11:29:00,B011,180,debit
TX0176,A109,27641,INR,2026-09-21T02:17:00,B014,180,debit
TX0177,A109,5683,INR,2026-09-22T12:53:00,B016,180,debit
TX0178,A109,20675,INR,2026-09-23T20:47:00,B002,180,debit
TX0179,A109,24303,INR,2026-09-25T13:14:00,B003,180,debit
TX0180,A109,4016,INR,2026-09-26T20:48:00,B008,180,debit
TX0181,A110,4335,INR,2026-09-01T11:53:00,B005,180,debit
TX0182,A110,34035,INR,2026-09-02T23:08:00,B004,180,debit
TX0183,A110,19793,INR,2026-09-04T11:29:00,B012,180,debit
TX0184,A110,42796,INR,2026-09-05T22:38:00,B004,180,debit
TX0185,A110,10084,INR,2026-09-07T10:19:00,B019,180,debit
TX0186,A110,23444,INR,2026-09-08T20:59:00,B019,180,debit
TX0187,A110,15997,INR,2026-09-10T14:25:00,B003,180,debit
TX0188,A110,22764,INR,2026-09-11T23:06:00,B004,180,debit
TX0189,A110,37913,INR,2026-09-13T08:22:00,B014,180,debit
TX0190,A110,36158,INR,2026-09-15T01:04:00,B011,180,debit
TX0191,A110,30528,INR,2026-09-16T08:54:00,B016,180,debit
TX0192,A110,26736,INR,2026-09-17T21:27:00,B015,180,debit
TX0193,A110,14543,INR,2026-09-19T10:27:00,B017,180,debit
TX0194,A110,38269,INR,2026-09-21T00:39:00,B016,180,debit
TX0195,A110,41828,INR,2026-09-22T15:27:00,B009,180,debit
TX0196,A110,19088,INR,2026-09-24T01:54:00,B003,180,debit
TX0197,A110,32543,INR,2026-09-25T12:56:00,B008,180,debit
TX0198,A110,42998,INR,2026-09-27T03:36:00,B013,180,debit
TX0199,A111,67789,INR,2026-09-01T13:01:00,B011,180,debit
TX0200,A111,30802,INR,2026-09-02T22:31:00,B012,180,debit
TX0201,A111,39655,INR,2026-09-04T12:21:00,B009,180,debit
TX0202,A111,70715,INR,2026-09-06T04:00:00,B007,180,debit
TX0203,A111,56271,INR,2026-09-07T09:15:00,B016,180,debit
TX0204,A111,34499,INR,2026-09-09T04:48:00,B016,180,debit
TX0205,A111,5260,INR,2026-09-10T15:28:00,B003,180,debit
TX0206,A111,56005,INR,2026-09-12T00:14:00,B008,180,debit
TX0207,A111,79225,INR,2026-09-13T12:42:00,B012,180,debit
TX0208,A111,72588,INR,2026-09-15T03:35:00,B012,180,debit
TX0209,A111,75140,INR,2026-09-16T14:47:00,B011,180,debit
TX0210,A111,62473,INR,2026-09-18T01:44:00,B009,180,debit
TX0211,A111,33217,INR,2026-09-19T12:16:00,B004,180,debit
TX0212,A111,18670,INR,2026-09-20T23:20:00,B018,180,debit
TX0213,A111,31361,INR,2026-09-22T10:12:00,B016,180,debit
TX0214,A111,80278,INR,2026-09-24T00:46:00,B017,180,debit
TX0215,A111,28443,INR,2026-09-25T12:06:00,B010,180,debit
TX0216,A111,26519,INR,2026-09-26T23:23:00,B010,180,debit
TX0217,A104,320000,INR,2026-09-22T10:00:00,B091,2,debit
TX0218,A104,90000,INR,2026-09-22T10:05:00,B091,2,debit
TX0219,A104,91000,INR,2026-09-22T10:08:00,B091,2,debit
TX0220,A104,92000,INR,2026-09-22T10:11:00,B091,2,debit
TX0221,A104,93000,INR,2026-09-22T10:14:00,B091,2,debit
TX0222,A104,94000,INR,2026-09-22T10:17:00,B091,2,debit
TX0223,A102,540000,INR,2026-09-18T14:30:00,B003,220,debit
TX0224,A106,70000,INR,2026-09-15T09:00:00,B004,80,debit
TX0225,A106,70000,INR,2026-09-15T09:04:00,B004,80,debit
TX0226,A106,70000,INR,2026-09-15T09:08:00,B004,80,debit
TX0227,A106,70000,INR,2026-09-15T09:12:00,B004,80,debit
TX0228,A108,160000,INR,2026-09-27T11:20:00,B088,1,debit
TX0229,A111,410000,INR,2026-09-20T15:10:00,B005,90,debit
